{
  "config": {
    "LAMBDA": [
      0.0,
      5.0,
      -5.0,
      11.0,
      -11.0,
      17.0,
      -17.0,
      23.0,
      -23.0
    ],
    "m": 9,
    "Q_grid": 256,
    "random_seeds": [
      0,
      1,
      2,
      3,
      4,
      5,
      6,
      7,
      8,
      9,
      10,
      11
    ],
    "ag_seeds": [
      0,
      1,
      2
    ],
    "concern": [
      26.5,
      33.0,
      41.5,
      -26.5,
      -33.0,
      -41.5,
      279.0,
      -279.0
    ]
  },
  "A_regimes": {
    "coherent_folds": {
      "N": 40,
      "K": 16,
      "methods": {
        "random_grid_subset": {
          "min_visibility": 3.518512691967391e-14,
          "min_visibility_ci": 1.6507427515940605e-15,
          "max_aliasability": 1.0000000000000042,
          "max_aliasability_ci": 1.4259170314536652e-15,
          "condition_number": 2.1628635941183494,
          "condition_number_ci": 0.22015259161164044
        },
        "iid_uniform": {
          "min_visibility": 0.8364356833934959,
          "min_visibility_ci": 0.015189410468482833,
          "max_aliasability": 0.6524251165719727,
          "max_aliasability_ci": 0.046596573932199355,
          "condition_number": 2.199544200348965,
          "condition_number_ci": 0.20889551874335774
        },
        "random_jitter": {
          "min_visibility": 0.8445578027630689,
          "min_visibility_ci": 0.016919861281058674,
          "max_aliasability": 0.6049120054265265,
          "max_aliasability_ci": 0.03902351990810668,
          "condition_number": 1.8318932518140814,
          "condition_number_ci": 0.11440035774199221
        },
        "full_grid": {
          "min_visibility": 5.610771788243084e-15,
          "min_visibility_ci": 0.0,
          "max_aliasability": 1.0000000000000018,
          "max_aliasability_ci": 0.0,
          "condition_number": 2.500069379326925,
          "condition_number_ci": 0.0
        },
        "fixed_jitter": {
          "min_visibility": 3.9998207136551136e-14,
          "min_visibility_ci": 0.0,
          "max_aliasability": 1.000000000000002,
          "max_aliasability_ci": 0.0,
          "condition_number": 1.4508490870588027,
          "condition_number_ci": 0.0
        },
        "condition_only": {
          "min_visibility": 0.8752744280097253,
          "min_visibility_ci": 0.0,
          "max_aliasability": 0.48975687620021735,
          "max_aliasability_ci": 0.0,
          "condition_number": 1.1225001508483672,
          "condition_number_ci": 0.0
        },
        "coherence_only": {
          "min_visibility": 0.9652035292063218,
          "min_visibility_ci": 0.0,
          "max_aliasability": 0.34090351995724677,
          "max_aliasability_ci": 0.0,
          "condition_number": 2.383609699083146,
          "condition_number_ci": 0.0
        },
        "e_optimal": {
          "min_visibility": 0.8781231105152577,
          "min_visibility_ci": 0.0,
          "max_aliasability": 0.5030109120270393,
          "max_aliasability_ci": 0.0,
          "condition_number": 1.690030821857429,
          "condition_number_ci": 0.0
        },
        "random_search": {
          "min_visibility": 0.9045620519783316,
          "min_visibility_ci": 0.0,
          "max_aliasability": 0.4654896741001322,
          "max_aliasability_ci": 0.0,
          "condition_number": 2.2097323992977755,
          "condition_number_ci": 0.0
        },
        "aliasguard_greedy": {
          "min_visibility": 3.079167283680814e-14,
          "min_visibility_ci": 0.0,
          "max_aliasability": 1.0000000000000007,
          "max_aliasability_ci": 0.0,
          "condition_number": 1.0747690130223226,
          "condition_number_ci": 0.0
        },
        "aliasguard": {
          "min_visibility": 0.9879962157941815,
          "min_visibility_ci": 0.003463318300567049,
          "max_aliasability": 0.15604857897835925,
          "max_aliasability_ci": 0.024807217042191174,
          "condition_number": 1.1587562790837003,
          "condition_number_ci": 0.014733815101743297
        }
      }
    },
    "near_band": {
      "N": 40,
      "K": 16,
      "methods": {
        "random_grid_subset": {
          "min_visibility": 0.8331290623948524,
          "min_visibility_ci": 0.02312669286384811,
          "max_aliasability": 0.6366793010095825,
          "max_aliasability_ci": 0.04545797855540478,
          "condition_number": 2.1628635941183494,
          "condition_number_ci": 0.22015259161164044
        },
        "iid_uniform": {
          "min_visibility": 0.8195378417191389,
          "min_visibility_ci": 0.029705860712090967,
          "max_aliasability": 0.655734164470261,
          "max_aliasability_ci": 0.050189933348686856,
          "condition_number": 2.199544200348965,
          "condition_number_ci": 0.20889551874335774
        },
        "random_jitter": {
          "min_visibility": 0.8717641466835584,
          "min_visibility_ci": 0.015047998188183318,
          "max_aliasability": 0.5499031806234331,
          "max_aliasability_ci": 0.03551372140975202,
          "condition_number": 1.8318932518140814,
          "condition_number_ci": 0.11440035774199221
        },
        "full_grid": {
          "min_visibility": 0.026774894734763188,
          "min_visibility_ci": 0.0,
          "max_aliasability": 1.1480158439083676,
          "max_aliasability_ci": 0.0,
          "condition_number": 2.500069379326925,
          "condition_number_ci": 0.0
        },
        "fixed_jitter": {
          "min_visibility": 0.9168221543496352,
          "min_visibility_ci": 0.0,
          "max_aliasability": 0.4124650188949646,
          "max_aliasability_ci": 0.0,
          "condition_number": 1.4508490870588027,
          "condition_number_ci": 0.0
        },
        "condition_only": {
          "min_visibility": 0.7833339092650065,
          "min_visibility_ci": 0.0,
          "max_aliasability": 0.6396617946766324,
          "max_aliasability_ci": 0.0,
          "condition_number": 1.1225001508483672,
          "condition_number_ci": 0.0
        },
        "coherence_only": {
          "min_visibility": 0.9837138911773765,
          "min_visibility_ci": 0.0,
          "max_aliasability": 0.20326111377294206,
          "max_aliasability_ci": 0.0,
          "condition_number": 1.4192369895170867,
          "condition_number_ci": 0.0
        },
        "e_optimal": {
          "min_visibility": 0.8689820141858483,
          "min_visibility_ci": 0.0,
          "max_aliasability": 0.5645465892016788,
          "max_aliasability_ci": 0.0,
          "condition_number": 1.690030821857429,
          "condition_number_ci": 0.0
        },
        "random_search": {
          "min_visibility": 0.8843361247053266,
          "min_visibility_ci": 0.0,
          "max_aliasability": 0.5132729633089809,
          "max_aliasability_ci": 0.0,
          "condition_number": 1.8024782795312309,
          "condition_number_ci": 0.0
        },
        "aliasguard_greedy": {
          "min_visibility": 0.9635038124623665,
          "min_visibility_ci": 0.0,
          "max_aliasability": 0.26809926599457584,
          "max_aliasability_ci": 0.0,
          "condition_number": 1.1594865537682175,
          "condition_number_ci": 0.0
        },
        "aliasguard": {
          "min_visibility": 0.9919670419155325,
          "min_visibility_ci": 0.0036935132219087516,
          "max_aliasability": 0.12614160264236848,
          "max_aliasability_ci": 0.033051229448807055,
          "condition_number": 1.10908383408877,
          "condition_number_ci": 0.02156980079428942
        }
      }
    },
    "broad_band": {
      "N": 40,
      "K": 30,