{
  "size": 128,
  "sample_frac": 0.5,
  "N": 8192,
  "device": "cuda",
  "B_img": 64,
  "metrics": {
    "under": {
      "scale": 5.333333333333333,
      "sample_psnr": 47.559383727691376,
      "full_psnr": 21.268330508465688
    },
    "matched": {
      "scale": 16.0,
      "sample_psnr": 54.24317276793521,
      "full_psnr": 20.821288895938178
    },
    "over": {
      "scale": 53.333333333333336,
      "sample_psnr": 50.56279072597433,
      "full_psnr": 16.378911202376898
    }
  },
  "note": "2-D INR band mismatch: under-scaled blurs; over-scaled aliases (high sample-PSNR, low full-PSNR = silent aliasing); matched recovers"
}