{
  "name": "co2",
  "B_sig": 69,
  "N": 492,
  "device": "cuda",
  "results": {
    "narrow": {
      "scale": 8.625,
      "rmse": 0.09851822755152688,
      "final_loss": 0.00019899936160072684
    },
    "matched": {
      "scale": 27.6,
      "rmse": 0.10706686467872764,
      "final_loss": 3.5097802992822835e-06
    }
  },
  "linear_matched_rmse": 0.1433334495035411,
  "note": "trained nonlinear Fourier-feature INR shows the same aliasing limit as the linear theory"
}