{
  "B_INR": 8,
  "sigma": 0.05,
  "n_trials": 40,
  "figA": {
    "densities": [
      0.5,
      0.6190476190476191,
      0.7380952380952381,
      0.8571428571428571,
      0.9761904761904762,
      1.0952380952380953,
      1.2142857142857142,
      1.3333333333333333,
      1.4523809523809523,
      1.5714285714285714,
      1.6904761904761905,
      1.8095238095238095,
      1.9285714285714284,
      2.0476190476190474,
      2.1666666666666665,
      2.2857142857142856,
      2.4047619047619047,
      2.5238095238095237,
      2.642857142857143,
      2.761904761904762,
      2.880952380952381,
      3.0
    ],
    "curves": {
      "r=1.0": [
        0.10009233845798064,
        0.07547930253807952,
        0.07907545110710652,
        0.06937782662139395,
        0.06808767490591512,
        0.0639108076648131,
        0.0566287409171111,
        0.05071067982085546,
        0.046395119547382783,
        0.043418256629675224,
        0.041881254320096664,
        0.039350346443270214,
        0.038433657696805804,
        0.03773076889463413,
        0.03561405030630136,
        0.03350714477613008,
        0.03392339707139996,
        0.03337810483328675,
        0.03191004653919123,
        0.031696817360277116,
        0.03019744700326803,
        0.02948441273122255
      ],
      "r=1.25": [
        0.8572906505488355,
        0.9604325974332847,
        0.8037907011664664,
        0.9217989726441891,
        0.9153707803876394,
        0.8175708862433064,
        0.6001641351297768,
        0.5189509563695521,
        0.5019985568227355,
        0.5141386435760846,
        0.4800354379346901,
        0.451337627826088,
        0.4583932510431879,
        0.4017077081489397,
        0.4196871715292726,
        0.4225800661728842,
        0.40260040590672863,
        0.443588327565067,
        0.4231540653461831,
        0.41511038289522617,
        0.43680328663800533,
        0.45520669528685476
      ],
      "r=1.5": [
        1.0986368724254783,
        1.0854748065477442,
        1.1940443066352568,
        1.0962762119540677,
        1.2304140307725462,
        1.0496455172550854,
        0.8689639407665994,
        0.7406108479687912,
        0.7737141408371695,
        0.5927370194358252,
        0.6488643808624666,
        0.6255830947483386,
        0.5914785359243487,
        0.5812618503006123,
        0.5838828178188112,
        0.5788362788943193,
        0.5668306010991545,
        0.6263684986699122,
        0.5696282166382038,
        0.5487861029643794,
        0.5764351502939336,
        0.5826046632168976
      ]
    },
    "noise_floor_scale": 0.0011859276668861115
  },
  "figB": {
    "ratios": [
      0.6,
      0.6666666666666666,
      0.7333333333333333,
      0.8,
      0.8666666666666667,
      0.9333333333333333,
      1.0,
      1.0666666666666667,
      1.1333333333333333,
      1.2,
      1.2666666666666666,
      1.3333333333333333,
      1.4,
      1.4666666666666668,
      1.5333333333333332,
      1.6,
      1.6666666666666665,
      1.7333333333333334,
      1.7999999999999998,
      1.8666666666666667,
      1.9333333333333331,
      2.0
    ],
    "densities": [
      0.6,
      0.6857142857142857,
      0.7714285714285714,
      0.8571428571428571,
      0.9428571428571428,
      1.0285714285714285,
      1.1142857142857143,
      1.1999999999999997,
      1.2857142857142856,
      1.3714285714285714,
      1.4571428571428569,
      1.5428571428571427,
      1.6285714285714286,
      1.714285714285714,
      1.7999999999999998,
      1.8857142857142857,
      1.971428571428571,
      2.057142857142857,
      2.142857142857143,
      2.228571428571428,
      2.314285714285714,
      2.4
    ],
    "logZ": [
      [
        -1.0797237516743168,
        -1.1288833678202799,
        -1.161049030086713,
        -1.1151903213385541,
        -0.8175398637137794,
        -1.090226147909528,
        -1.1707478709503982,
        -1.2272560530030399,
        -1.2989487183712187,
        -1.3265896854190249,
        -1.3106724731567103,
        -1.3761775481995273,
        -1.3699386721117308,
        -1.3619547185268075,
        -1.4116908786528246,
        -1.4291375402634647,
        -1.4123955483483082,
        -1.4343691417441828,
        -1.4471516921151453,
        -1.4461995915815542,
        -1.4779709948726296,
        -1.4379611460267574
      ],
      [
        -1.1339900163309016,
        -1.163662301621958,
        -1.066972287857549,
        -1.081778907517798,
        -1.1168136584744381,
        -1.071558182054699,
        -1.2190482311429736,
        -1.2364284510101227,
        -1.2801069594562717,
        -1.3094556280201066,
        -1.3403525130582858,
        -1.3510732055268488,
        -1.364670814985408,
        -1.3887458931225394,
        -1.4234566605772203,
        -1.419216726545057,
        -1.4326201524736142,
        -1.4269656546697376,
        -1.4437250057785425,
        -1.4583199731495822,
        -1.475705495251935,
        -1.4863816871563107
      ],
      [
        -1.145732815794053,
        -1.0556518521030709,
        -0.5733361480146355,
        -0.9674492683237692,
        -1.0659095984456324,
        -1.1324762742673002,
        -1.2668880412468722,
        -1.2414667409483404,
        -1.314410551352216,
        -1.321642387309132,
        -1.3504008981458575,
        -1.358440134517051,
        -1.3805236160998626,
        -1.3782782638179878,
        -1.3974486195670957,
        -1.4362128200063822,
        -1.442810175819501,
        -1.4237533986150495,
        -1.4425374567981355,
        -1.4606136146793527,
        -1.4644851196651003,
        -1.470201232018793
      ],
      [
        -1.095180789846585,
        -1.1215321436106975,
        -0.9428316318550021,
        -1.0732772241372917,
        -1.0343847017741112,
        -1.0925661683177366,
        -1.1513244762253019,
        -1.2431031463367777,
        -1.3205759189217254,
        -1.2947467887714843,
        -1.346564554076152,
        -1.3608153302856734,
        -1.3701807919874354,
        -1.3759011725332004,
        -1.3883770434992821,
        -1.409714644096793,
        -1.4357099171460916,
        -1.4455027003897565,
        -1.4497631718308324,
        -1.453507196095311,
        -1.4743404870474257,
        -1.4792535064266588
      ],
      [
        -0.9631624611469822,
        -1.1152029745041485,
        -0.9192451284123929,
        -1.068532890613149,
        -0.49383139458077163,
        -0.8370388187048948,
        -1.1669209189179501,
        -1.2359813498901744,
        -1.274291392480395,
        -1.3409980072371006,
        -1.3471063341945062,
        -1.3522821348032346,
        -1.3814677775213826,
        -1.3734584146269855,
        -1.4044317082049342,
        -1.4149846850565273,
        -1.441781595979286,
        -1.4445351708591463,
        -1.4671210816023186,
        -1.463061090670777,
        -1.4724072493285496,
        -1.4551723091687887
      ],
      [
        -0.9944338112735304,
        -1.116390109226078,
        -1.1743992819452553,
        -1.1343875233908085,
        -1.1019096290109276,
        -1.1222770986942263,
        -1.213696267617665,
        -1.2363300982386778,
        -1.2917433493186161,
        -1.311734020028296,
        -1.347326534577831,
        -1.3581068817409745,
        -1.354683789770732,
        -1.3860190785873727,
        -1.4077796158465794,
        -1.390997933726234,
        -1.4430566646022014,
        -1.4366789296488378,
        -1.4635837691978664,
        -1.4472251217260146,
        -1.4644447146923365,
        -1.4859591951125959
      ],
      [
        -1.1549281580166264,
        -1.066600992822131,
