{
  "name": "speech",
  "M": 2000,
  "B_sig": 500,
  "N": 2000,
  "snr_db": 30.0,
  "density": 3.0,
  "grid": [
    83,
    115,
    148,
    181,
    214,
    247,
    280,
    312,
    345,
    378,
    411,
    444,
    477,
    509,
    542,
    575,
    608,
    641,
    674,
    706,
    739,
    772,
    805,
    838,
    871,
    904
  ],
  "rmse": [
    0.9928647773683236,
    0.9915633097866229,
    0.9899968606907582,
    0.9889306387052423,
    0.9881568885668646,
    0.9870909475599968,
    0.9855764481616517,
    0.983190551045971,
    0.9823525301000896,
    0.9796130583374759,
    0.9712955164006704,
    0.7389730566712679,
    0.6486678939961041,
    0.5451947900955381,
    0.45969276537486636,
    0.45118851971544716,
    0.4465144055883281,
    0.4447503787637011,
    0.44321542179134366,
    0.44084145095446536,
    0.4382500712632975,
    0.43510610329566296,
    0.4318124058682025,
    0.4130617211697736,
    0.2699528108149025,
    0.23329016842654093
  ],
  "out_of_band_frac": [
    0.12437631165517704,
    0.1741220581055646,
    0.12373375473032465,
    0.11858107152265612,
    0.20868028042543973,
    0.2472008082676371,
    0.2695209683233877,
    0.5130185876950657,
    0.92785032717306,
    0.9401016013694476,
    0.9272245297552986,
    0.4318445013278324,
    0.2773061285039854,
    0.12548593398158134,
    0.02245462762526232,
    0.01778960515457562,
    0.01660895890693401,
    0.0866779008581148,
    0.14887175637097202,
    0.16369855768685954,
    0.18921425052905566,
    0.18842789012295932,
    0.18544134211138869,
    0.16959713892543554,
    0.07143289306786674,
    0.05304940382159289
  ],
  "B_knee": 871,
  "rmse_floor": 0.23329016842654093,
  "narrow": {
    "B": 166,
    "rmse": 0.9892984758632744
  },
  "matched": {
    "B": 650,
    "rmse": 0.444474195283292
  },
  "note": "RMSE-vs-B_INR knee at essential bandwidth; narrow INR aliases (folds), matched recovers"
}