{
  "name": "sunspots",
  "n_blocks": 6,
  "n_seeds": 6,
  "snr_db": 30.0,
  "sample_frac": 0.5,
  "block_len": 666,
  "rate": 1.0,
  "rate_unit": "1/month",
  "duration": 666.0,
  "time_unit": "month",
  "blocks": [
    "sunspots_blk0",
    "sunspots_blk1",
    "sunspots_blk2",
    "sunspots_blk3",
    "sunspots_blk4",
    "sunspots_blk5"
  ],
  "methods": {
    "oracle": {
      "rmse_mean": 0.394400051657069,
      "rmse_ci95": 0.04576502626459064,
      "paired_diff_vs_oracle_mean": 0.0,
      "paired_diff_ci95": 0.0,
      "band_mean": 76.38888888888889,
      "n": 36,
      "n_clusters": 6
    },
    "ls_periodogram": {
      "rmse_mean": 0.5941326965496432,
      "rmse_ci95": 0.4079828780845881,
      "paired_diff_vs_oracle_mean": 0.19973264489257436,
      "paired_diff_ci95": 0.40178088810083296,
      "band_mean": 70.19444444444444,
      "n": 36,
      "n_clusters": 6
    },
    "corr_periodogram": {
      "rmse_mean": 0.593597048635968,
      "rmse_ci95": 0.408380771225617,
      "paired_diff_vs_oracle_mean": 0.1991969969788992,
      "paired_diff_ci95": 0.40207768879121963,
      "band_mean": 70.30555555555556,
      "n": 36,
      "n_clusters": 6
    },
    "cv": {
      "rmse_mean": 0.5016131688430969,
      "rmse_ci95": 0.06572263438865772,
      "paired_diff_vs_oracle_mean": 0.1072131171860279,
      "paired_diff_ci95": 0.04175072325827727,
      "band_mean": 44.916666666666664,
      "n": 36,
      "n_clusters": 6
    },
    "fixed_narrow": {
      "rmse_mean": 0.884821569056208,
      "rmse_ci95": 0.10246930798011342,
      "paired_diff_vs_oracle_mean": 0.4904215173991391,
      "paired_diff_ci95": 0.089386058123498,
      "band_mean": 8.0,
      "n": 36,
      "n_clusters": 6
    },
    "fixed_wide": {
      "rmse_mean": 1.489181770219881,
      "rmse_ci95": 2.4293493585196693,
      "paired_diff_vs_oracle_mean": 1.0947817185628124,
      "paired_diff_ci95": 2.426758471939562,
      "band_mean": 83.0,
      "n": 36,
      "n_clusters": 6
    },
    "ridge_wide": {
      "rmse_mean": 0.465486451592404,
      "rmse_ci95": 0.04450481967358001,
      "paired_diff_vs_oracle_mean": 0.07108639993533504,
      "paired_diff_ci95": 0.02543707451897564,
      "band_mean": 111.0,
      "n": 36,
      "n_clusters": 6
    }
  },
  "lowpass_proxy": false,
  "degradation": "50% uniform-random missing samples + AWGN at 30 dB SNR",
  "note": "oracle = best (B,ridge) in the family by TRUE error (evaluation upper bound only, dominates every selector per draw); all other methods are sample-only with detrend/standardization estimated from the training samples of each draw (no full-record leakage); CIs cluster on disjoint time blocks, not mask seeds; anti-aliased decimation (speech only).",
  "_meta": {
    "git_commit": "a7db7ea9b63a4006fae6150984d52ce105f23f02",
    "git_short": "a7db7ea9",
    "git_dirty": false,
    "source_tree_sha256": "1f28d5f0416a1197",
    "command": "experiments/run_real_signal.py",
    "timestamp_utc": "2026-07-17T16:05:21.076053+00:00",
    "hostname": "autodl-container-p48vc3ykfm-7ba3727f",
    "python": "3.12.3",
    "platform": "Linux-5.15.0-25-generic-x86_64-with-glibc2.35",
    "cpu_count": 128,
    "numpy": "2.3.2",
    "scipy": "1.18.0",
    "torch": "2.8.0+cu128",
    "cuda": "12.8",
    "gpu": "NVIDIA GeForce RTX 4080 SUPER"
  }
}