{
  "name": "speech",
  "n_blocks": 9,
  "n_seeds": 6,
  "snr_db": 30.0,
  "sample_frac": 0.5,
  "block_len": 2000,
  "rate": 1000.0,
  "rate_unit": "Hz",
  "duration": 2.0,
  "time_unit": "s",
  "blocks": [
    "rec0_seg0",
    "rec0_seg1",
    "rec0_seg2",
    "rec1_seg0",
    "rec1_seg1",
    "rec1_seg2",
    "rec2_seg0",
    "rec2_seg1",
    "rec2_seg2"
  ],
  "methods": {
    "oracle": {
      "rmse_mean": 1.0112985727522763,
      "rmse_ci95": 0.008000203745758728,
      "paired_diff_vs_oracle_mean": 0.0,
      "paired_diff_ci95": 0.0,
      "band_mean": 7.037037037037037,
      "n": 54,
      "n_clusters": 9
    },
    "ls_periodogram": {
      "rmse_mean": 1.6569396987143223,
      "rmse_ci95": 0.1784107641837356,
      "paired_diff_vs_oracle_mean": 0.6456411259620465,
      "paired_diff_ci95": 0.1792370989867218,
      "band_mean": 236.46296296296296,
      "n": 54,
      "n_clusters": 9
    },
    "corr_periodogram": {
      "rmse_mean": 1.6533563047513824,
      "rmse_ci95": 0.18193718293343344,
      "paired_diff_vs_oracle_mean": 0.6420577319991067,
      "paired_diff_ci95": 0.18254068055237752,
      "band_mean": 236.5,
      "n": 54,
      "n_clusters": 9
    },
    "cv": {
      "rmse_mean": 1.0121920948179215,
      "rmse_ci95": 0.008389437329327855,
      "paired_diff_vs_oracle_mean": 0.0008935220656452901,
      "paired_diff_ci95": 0.0010538737323441138,
      "band_mean": 4.296296296296297,
      "n": 54,
      "n_clusters": 9
    },
    "fixed_narrow": {
      "rmse_mean": 1.0132291944986282,
      "rmse_ci95": 0.008091072258010387,
      "paired_diff_vs_oracle_mean": 0.0019306217463519685,
      "paired_diff_ci95": 0.0007303749824024585,
      "band_mean": 8.0,
      "n": 54,
      "n_clusters": 9
    },
    "fixed_wide": {
      "rmse_mean": 2.3497417527386393,
      "rmse_ci95": 1.3329953325803259,
      "paired_diff_vs_oracle_mean": 1.338443179986363,
      "paired_diff_ci95": 1.33559321945303,
      "band_mean": 250.0,
      "n": 54,
      "n_clusters": 9
    },
    "ridge_wide": {
      "rmse_mean": 2.3789700687025994,
      "rmse_ci95": 0.19576194370734853,
      "paired_diff_vs_oracle_mean": 1.3676714959503233,
      "paired_diff_ci95": 0.1933483743521148,
      "band_mean": 333.0,
      "n": 54,
      "n_clusters": 9
    }
  },
  "lowpass_proxy": false,
  "degradation": "50% uniform-random missing samples + AWGN at 30 dB SNR",
  "note": "oracle = best (B,ridge) in the family by TRUE error (evaluation upper bound only, dominates every selector per draw); all other methods are sample-only with detrend/standardization estimated from the training samples of each draw (no full-record leakage); CIs cluster on disjoint time blocks, not mask seeds; anti-aliased decimation (speech only).",
  "_meta": {
    "git_commit": "a7db7ea9b63a4006fae6150984d52ce105f23f02",
    "git_short": "a7db7ea9",
    "git_dirty": false,
    "source_tree_sha256": "1f28d5f0416a1197",
    "command": "experiments/run_real_signal.py",
    "timestamp_utc": "2026-07-17T16:04:45.548675+00:00",
    "hostname": "autodl-container-p48vc3ykfm-7ba3727f",
    "python": "3.12.3",
    "platform": "Linux-5.15.0-25-generic-x86_64-with-glibc2.35",
    "cpu_count": 128,
    "numpy": "2.3.2",
    "scipy": "1.18.0",
    "torch": "2.8.0+cu128",
    "cuda": "12.8",
    "gpu": "NVIDIA GeForce RTX 4080 SUPER"
  }
}