{
  "name": "co2",
  "n_blocks": 3,
  "n_seeds": 10,
  "snr_db": 30.0,
  "sample_frac": 0.5,
  "block_len": 273,
  "rate": 12.0,
  "rate_unit": "1/yr",
  "duration": 22.75,
  "time_unit": "yr",
  "blocks": [
    "co2_blk0",
    "co2_blk1",
    "co2_blk2"
  ],
  "methods": {
    "oracle": {
      "rmse_mean": 0.4290834146932541,
      "rmse_ci95": 0.17373983213281968,
      "paired_diff_vs_oracle_mean": 0.0,
      "paired_diff_ci95": 0.0,
      "band_mean": 27.366666666666667,
      "n": 30,
      "n_clusters": 3
    },
    "ls_periodogram": {
      "rmse_mean": 0.5016974823598398,
      "rmse_ci95": 0.18145585215786664,
      "paired_diff_vs_oracle_mean": 0.07261406766658575,
      "paired_diff_ci95": 0.041558127158040845,
      "band_mean": 27.966666666666665,
      "n": 30,
      "n_clusters": 3
    },
    "corr_periodogram": {
      "rmse_mean": 0.48814704336599835,
      "rmse_ci95": 0.18281743658240782,
      "paired_diff_vs_oracle_mean": 0.059063628672744194,
      "paired_diff_ci95": 0.01336126184607716,
      "band_mean": 27.966666666666665,
      "n": 30,
      "n_clusters": 3
    },
    "cv": {
      "rmse_mean": 0.5403668852237924,
      "rmse_ci95": 0.2196540938799964,
      "paired_diff_vs_oracle_mean": 0.11128347053053834,
      "paired_diff_ci95": 0.13312257200214875,
      "band_mean": 20.666666666666668,
      "n": 30,
      "n_clusters": 3
    },
    "fixed_narrow": {
      "rmse_mean": 0.8961634929207171,
      "rmse_ci95": 0.16466358271113185,
      "paired_diff_vs_oracle_mean": 0.46708007822746306,
      "paired_diff_ci95": 0.3381651554714614,
      "band_mean": 8.0,
      "n": 30,
      "n_clusters": 3
    },
    "fixed_wide": {
      "rmse_mean": 0.6328684712747241,
      "rmse_ci95": 0.11398008338895516,
      "paired_diff_vs_oracle_mean": 0.20378505658146992,
      "paired_diff_ci95": 0.12413285009223313,
      "band_mean": 34.0,
      "n": 30,
      "n_clusters": 3
    },
    "ridge_wide": {
      "rmse_mean": 0.5830808407632939,
      "rmse_ci95": 0.27659759996648986,
      "paired_diff_vs_oracle_mean": 0.15399742607003977,
      "paired_diff_ci95": 0.11734004572032956,
      "band_mean": 45.0,
      "n": 30,
      "n_clusters": 3
    }
  },
  "lowpass_proxy": false,
  "degradation": "50% uniform-random missing samples + AWGN at 30 dB SNR",
  "note": "oracle = best (B,ridge) in the family by TRUE error (evaluation upper bound only, dominates every selector per draw); all other methods are sample-only with detrend/standardization estimated from the training samples of each draw (no full-record leakage); CIs cluster on disjoint time blocks, not mask seeds; anti-aliased decimation (speech only).",
  "_meta": {
    "git_commit": "90cae47b29604882f42e2eb23180ffccfee26169",
    "git_short": "90cae47b",
    "git_dirty": true,
    "source_tree_sha256": "04b0162915da8e87",
    "command": "experiments/run_real_signal.py co2",
    "timestamp_utc": "2026-07-17T13:54:15.665659+00:00",
    "hostname": "LAPTOP-3TQUS51M",
    "python": "3.11.2",
    "platform": "Windows-10-10.0.26200-SP0",
    "cpu_count": 16,
    "numpy": "2.4.6",
    "scipy": "1.17.1",
    "torch": "2.13.0+cpu",
    "cuda": null
  }
}