{
  "name": "co2",
  "M": 820,
  "B_sig": 69,
  "N": 414,
  "snr_db": 30.0,
  "density": 3.0,
  "n_seeds": 10,
  "grid": [
    11,
    15,
    20,
    25,
    29,
    34,
    39,
    43,
    48,
    53,
    57,
    62,
    67,
    71,
    76,
    81,
    85,
    90,
    95,
    99,
    104,
    109,
    113,
    118,
    123,
    128
  ],
  "rmse_mean": [
    0.4129493531086651,
    0.4146368899373633,
    0.4158956737757963,
    0.4180762315245543,
    0.4207959340412956,
    0.4250573515152897,
    0.4320738691009261,
    0.4368853439318935,
    0.44625244904074635,
    0.45432491694414356,
    0.4644233003398431,
    0.4785786243384691,
    0.48423917497997326,
    0.15396904396705083,
    0.15170587344909717,
    0.15807465266743137,
    0.1616967914811866,
    0.16896084963697927,
    0.1741899184268842,
    0.18922294325321792,
    0.2128094602930219,
    0.21399972208496204,
    0.2287949176562126,
    0.2905165610184026,
    0.5550757568215692,
    0.7756824223477895
  ],
  "rmse_std": [
    0.0018234961689796382,
    0.0025231901596030892,
    0.0024915487668025,
    0.0031365255822442487,
    0.003116989137545918,
    0.004089400240420567,
    0.004901295605278741,
    0.006109317098150726,
    0.010511848461838244,
    0.013386889772673978,
    0.01866260448820604,
    0.0312224301959306,
    0.04532011214165919,
    0.005559569081986885,
    0.008983986921513268,
    0.016515218998329813,
    0.017671073230208806,
    0.026618418648943112,
    0.023371759174999576,
    0.030322297567134067,
    0.04922390279377608,
    0.028887133076753554,
    0.029176339231341823,
    0.06542826048699697,
    0.47734539922016744,
    0.8097963600468424
  ],
  "out_of_band_frac_seed0": [
    0.0016765013883182872,
    0.006265079484439928,
    0.003843215383796967,
    0.007451884369463133,
    0.006433470325916002,
    0.009006001539113967,
    0.005185266457217949,
    0.0073622233366328095,
    0.017483713429264143,
    0.1501949505258394,
    0.15788962571787507,
    0.15912229271378273,
    0.14964391909617553,
    0.00850102454541657,
    0.004335613309290842,
    0.004073504232994969,
    0.007000575169328067,
    0.010140152529658003,
    0.015418569862059098,
    0.014924973165324268,
    0.013191390608997301,
    0.015565136535196653,
    0.01575788855830991,
    0.01913627458190145,
    0.07556482851643698,
    0.06229766933876673
  ],
  "B_knee": 71,
  "rmse_floor": 0.15170587344909717,
  "narrow": {
    "B": 23,
    "rmse_mean": 0.4173071007364312,
    "rmse_std": 0.0030844068599863448
  },
  "matched": {
    "B": 89,
    "rmse_mean": 0.1675647001621382,
    "rmse_std": 0.028735072232436445
  },
  "note": "RMSE-vs-B_INR knee at essential bandwidth, mean +- s.d. over n_seeds nonuniform-subsample/noise draws (N < M strictly: genuine subsampling)"
}