{
  "name": "sunspots_smooth",
  "M": 2000,
  "B_sig": 30,
  "N": 180,
  "snr_db": 30.0,
  "density": 3.0,
  "n_seeds": 10,
  "grid": [
    5,
    7,
    9,
    11,
    13,
    15,
    17,
    19,
    21,
    24,
    26,
    28,
    30,
    32,
    34,
    36,
    38,
    41,
    43,
    45,
    47,
    49,
    51,
    53,
    55,
    58
  ],
  "rmse_mean": [
    0.9072809716223569,
    0.9091726409014156,
    0.9144783620091248,
    0.9124781759002571,
    0.9164552307046389,
    0.6553215716575925,
    0.5167549996367973,
    0.45150537014328285,
    0.38553628159968584,
    0.3462979253936711,
    0.3638361283051856,
    0.392205062343849,
    0.3328865544196304,
    0.34861848873086015,
    0.37656322079929316,
    0.3217829783737164,
    0.3454994991862439,
    0.4041498396323485,
    0.42740959410862917,
    0.6297884806208129,
    0.43457745749359916,
    0.6093149115363379,
    0.6603183302208993,
    1.2288806299615878,
    1.9336629386720372,
    1.6639984178461589
  ],
  "rmse_std": [
    0.008058175910095338,
    0.009294064839845287,
    0.012596128575063804,
    0.024940949827002942,
    0.048777204744945464,
    0.026378214262804706,
    0.02611171628985516,
    0.022696354011062087,
    0.019140990774528476,
    0.037592283264004496,
    0.041329339389257674,
    0.06307641086170174,
    0.06109158669979484,
    0.059203255559537205,
    0.09631861926500529,
    0.05930215538575365,
    0.08374910515531368,
    0.1850081091681451,
    0.2298386082539034,
    0.5223467778326518,
    0.21671403194849825,
    0.49487563301008963,
    0.4656786258211802,
    0.8638133127946963,
    2.953817181245911,
    1.3076120128724265
  ],
  "out_of_band_frac_seed0": [
    0.2989328686973413,
    0.302024094260385,
    0.13861594146674283,
    0.5493962955066669,
    0.6106470736808547,
    0.2534512675757572,
    0.13012741316144286,
    0.09573403423847192,
    0.06175203719892951,
    0.0449595811686897,
    0.038451504130056886,
    0.02978952391372486,
    0.016797146243817652,
    0.015873435879170263,
    0.014171145262859992,
    0.013944966169528117,
    0.018442462005737285,
    0.018291434824448727,
    0.10647130824365507,
    0.05814077395438234,
    0.07566540997167684,
    0.04720079098828776,
    0.03591489473940362,
    0.17542624216826458,
    0.1795594428176384,
    0.26272545353902166
  ],
  "B_knee": 21,
  "rmse_floor": 0.3217829783737164,
  "narrow": {
    "B": 10,
    "rmse_mean": 0.9168392237322598,
    "rmse_std": 0.01325870143617051
  },
  "matched": {
    "B": 39,
    "rmse_mean": 0.40544123269773474,
    "rmse_std": 0.17663133267422146
  },
  "note": "RMSE-vs-B_INR knee at essential bandwidth, mean +- s.d. over n_seeds nonuniform-subsample/noise draws (N < M strictly: genuine subsampling)"
}