{
  "name": "sunspots_smooth",
  "n_blocks": 6,
  "n_seeds": 6,
  "snr_db": 30.0,
  "sample_frac": 0.5,
  "block_len": 553,
  "rate": 12.0,
  "rate_unit": "1/yr",
  "duration": 46.083333333333336,
  "time_unit": "yr",
  "blocks": [
    "sunspots_smooth_blk0",
    "sunspots_smooth_blk1",
    "sunspots_smooth_blk2",
    "sunspots_smooth_blk3",
    "sunspots_smooth_blk4",
    "sunspots_smooth_blk5"
  ],
  "methods": {
    "oracle": {
      "rmse_mean": 0.07683217701112437,
      "rmse_ci95": 0.03160070591424321,
      "paired_diff_vs_oracle_mean": 0.0,
      "paired_diff_ci95": 0.0,
      "band_mean": 49.27777777777778,
      "n": 36,
      "n_clusters": 6
    },
    "ls_periodogram": {
      "rmse_mean": 0.08257644430271674,
      "rmse_ci95": 0.033201930562318356,
      "paired_diff_vs_oracle_mean": 0.005744267291592377,
      "paired_diff_ci95": 0.0029826300167329033,
      "band_mean": 52.361111111111114,
      "n": 36,
      "n_clusters": 6
    },
    "corr_periodogram": {
      "rmse_mean": 0.0825297837854264,
      "rmse_ci95": 0.033379632191244644,
      "paired_diff_vs_oracle_mean": 0.005697606774302047,
      "paired_diff_ci95": 0.0031558286077179236,
      "band_mean": 52.25,
      "n": 36,
      "n_clusters": 6
    },
    "cv": {
      "rmse_mean": 0.08971319574334995,
      "rmse_ci95": 0.04077291281096267,
      "paired_diff_vs_oracle_mean": 0.012881018732225585,
      "paired_diff_ci95": 0.009593304035833666,
      "band_mean": 33.333333333333336,
      "n": 36,
      "n_clusters": 6
    },
    "fixed_narrow": {
      "rmse_mean": 0.2659067254076229,
      "rmse_ci95": 0.11031347957514676,
      "paired_diff_vs_oracle_mean": 0.1890745483964985,
      "paired_diff_ci95": 0.08018848517323461,
      "band_mean": 8.0,
      "n": 36,
      "n_clusters": 6
    },
    "fixed_wide": {
      "rmse_mean": 0.10680207921418103,
      "rmse_ci95": 0.04232948450885435,
      "paired_diff_vs_oracle_mean": 0.02996990220305667,
      "paired_diff_ci95": 0.017975531372678245,
      "band_mean": 69.0,
      "n": 36,
      "n_clusters": 6
    },
    "ridge_wide": {
      "rmse_mean": 0.1809606138735693,
      "rmse_ci95": 0.025204208583637866,
      "paired_diff_vs_oracle_mean": 0.10412843686244494,
      "paired_diff_ci95": 0.030131702068040996,
      "band_mean": 92.0,
      "n": 36,
      "n_clusters": 6
    }
  },
  "lowpass_proxy": true,
  "degradation": "50% uniform-random missing samples + AWGN at 30 dB SNR",
  "note": "oracle = best (B,ridge) in the family by TRUE error (evaluation upper bound only, dominates every selector per draw); all other methods are sample-only with detrend/standardization estimated from the training samples of each draw (no full-record leakage); CIs cluster on disjoint time blocks, not mask seeds; anti-aliased decimation (speech only).",
  "_meta": {
    "git_commit": "3e4df1815503cb5a30a6e55e6bf5fc302884dcdf",
    "git_short": "3e4df181",
    "git_dirty": false,
    "source_tree_sha256": "03a901c5bc5e384f",
    "command": "experiments/run_real_signal.py",
    "timestamp_utc": "2026-07-17T19:24:28.273231+00:00",
    "hostname": "autodl-container-p48vc3ykfm-7ba3727f",
    "python": "3.12.3",
    "platform": "Linux-5.15.0-25-generic-x86_64-with-glibc2.35",
    "cpu_count": 128,
    "numpy": "1.26.4",
    "scipy": "1.11.4",
    "torch": "2.2.2+cu121",
    "cuda": "12.1",
    "gpu": "NVIDIA GeForce RTX 4080 SUPER"
  }
}