{
  "name": "sunspots",
  "M": 2000,
  "B_sig": 318,
  "N": 1908,
  "snr_db": 30.0,
  "density": 3.0,
  "grid": [
    53,
    73,
    94,
    115,
    136,
    157,
    178,
    199,
    220,
    241,
    262,
    283,
    304,
    324,
    345,
    366,
    387,
    408,
    429,
    450,
    471,
    492,
    513,
    534,
    555,
    576
  ],
  "rmse": [
    0.5646310234776172,
    0.5372784944672246,
    0.5192929359665847,
    0.5054975702634482,
    0.4677518232027025,
    0.43283663556233937,
    0.3715342521178175,
    0.3433225972362688,
    0.31947932698351267,
    0.2971811572899305,
    0.28600317136695097,
    0.2610980006366977,
    0.23529260261530172,
    0.22236855803036318,
    0.20926992694908392,
    0.20278459753595368,
    0.1955245587370858,
    0.18820831668383525,
    0.18084427553943205,
    0.17618398091294957,
    0.1677289071458561,
    0.16347127637738476,
    0.16013597228428697,
    0.1573205210972031,
    0.15425493788711392,
    0.1503711052931282
  ],
  "out_of_band_frac": [
    0.029669823432698868,
    0.028591999958035175,
    0.04130775144959871,
    0.07901907092649108,
    0.09109856927063226,
    0.0816419149767416,
    0.05042022351059419,
    0.041731307892583634,
    0.04130870935858064,
    0.04138124296037958,
    0.04259361408556535,
    0.03166926226738142,
    0.022058004197366518,
    0.01878846363476532,
    0.015774481255777476,
    0.015937816163921474,
    0.015091029088134204,
    0.013274396216085678,
    0.013152135567704401,
    0.012950794987040803,
    0.011938950738679947,
    0.011357370954582342,
    0.0110140617873244,
    0.01153332778561063,
    0.011513453192364844,
    0.011579863567448624
  ],
  "B_knee": 408,
  "rmse_floor": 0.1503711052931282,
  "narrow": {
    "B": 106,
    "rmse": 0.5115822064682725
  },
  "matched": {
    "B": 413,
    "rmse": 0.1869000596990137
  },
  "note": "RMSE-vs-B_INR knee at essential bandwidth; narrow INR aliases (folds), matched recovers"
}