{
  "name": "sunspots_smooth",
  "n_segments": 1,
  "n_seeds": 10,
  "snr_db": 30.0,
  "sample_frac": 0.5,
  "M": 1659,
  "fs_eff_hz": 6.0,
  "duration_s": 276.5,
  "segments": [
    "sunspots_smooth"
  ],
  "methods": {
    "oracle": {
      "rmse_mean": 0.06538853861930458,
      "rmse_ci95": 0.0031411004299599196,
      "paired_diff_vs_oracle_mean": 0.0,
      "paired_diff_ci95": 0.0,
      "band_mean": 178.2,
      "n": 10
    },
    "ls_periodogram": {
      "rmse_mean": 0.07113093138414929,
      "rmse_ci95": 0.0036250959887852343,
      "paired_diff_vs_oracle_mean": 0.005742392764844709,
      "paired_diff_ci95": 0.004261501537106034,
      "band_mean": 156.7,
      "n": 10
    },
    "corr_periodogram": {
      "rmse_mean": 0.0708424857243465,
      "rmse_ci95": 0.003775007304723478,
      "paired_diff_vs_oracle_mean": 0.0054539471050419255,
      "paired_diff_ci95": 0.004124126897093523,
      "band_mean": 156.5,
      "n": 10
    },
    "cv": {
      "rmse_mean": 0.1075424300070893,
      "rmse_ci95": 0.011444489269967308,
      "paired_diff_vs_oracle_mean": 0.04215389138778471,
      "paired_diff_ci95": 0.011241696632398154,
      "band_mean": 100.8,
      "n": 10
    },
    "fixed_narrow": {
      "rmse_mean": 0.9174058506216239,
      "rmse_ci95": 0.0016705925728379679,
      "paired_diff_vs_oracle_mean": 0.8520173120023194,
      "paired_diff_ci95": 0.002715134414690597,
      "band_mean": 8.0,
      "n": 10
    },
    "fixed_wide": {
      "rmse_mean": 0.0966089808368221,
      "rmse_ci95": 0.048298284990958444,
      "paired_diff_vs_oracle_mean": 0.031220442217517526,
      "paired_diff_ci95": 0.048308636951363046,
      "band_mean": 207.0,
      "n": 10
    },
    "ridge_wide": {
      "rmse_mean": 0.13795610466425087,
      "rmse_ci95": 0.013018229760755718,
      "paired_diff_vs_oracle_mean": 0.0725675660449463,
      "paired_diff_ci95": 0.013042882091577872,
      "band_mean": 276.0,
      "n": 10
    }
  },
  "lowpass_proxy": true,
  "note": "oracle sees the full reference (upper bound only); all other methods are sample-only; anti-aliased resample_poly decimation; full records, no energy-based window selection",
  "_meta": {
    "python": "3.11.2",
    "platform": "Windows-10-10.0.26200-SP0",
    "numpy": "2.4.6",
    "scipy": "1.17.1",
    "torch": "2.13.0+cpu",
    "cuda": null,
    "git_commit": "f913abc"
  }
}