{
  "name": "co2",
  "M": 820,
  "B_sig": 69,
  "N": 414,
  "snr_db": 30.0,
  "density": 3.0,
  "grid": [
    11,
    15,
    20,
    25,
    29,
    34,
    39,
    43,
    48,
    53,
    57,
    62,
    67,
    71,
    76,
    81,
    85,
    90,
    95,
    99,
    104,
    109,
    113,
    118,
    123,
    128
  ],
  "rmse": [
    0.4126906396737279,
    0.4125627971392507,
    0.4139381530054023,
    0.4152691728124257,
    0.4188315450943923,
    0.42070033044742683,
    0.43108338835591414,
    0.43168280493405425,
    0.4365103775589229,
    0.4404415649470733,
    0.44700216175533797,
    0.4577792086694186,
    0.45932686449670124,
    0.1474467358354968,
    0.1501975922384353,
    0.15888474830272295,
    0.15716706326529248,
    0.16195826138898212,
    0.16203464416087054,
    0.1629138046336321,
    0.16549957245134567,
    0.19364400069812893,
    0.22843170228523282,
    0.26961055927885463,
    0.2768587812415734,
    0.321789434074874
  ],
  "out_of_band_frac": [
    0.0016765013883182803,
    0.00626507948443995,
    0.003843215383797003,
    0.007451884369463132,
    0.006433470325916017,
    0.009006001539113991,
    0.005185266457217962,
    0.007362223336632816,
    0.01748371342926419,
    0.15019495052583962,
    0.15788962571787526,
    0.1591222927137831,
    0.14964391909617575,
    0.008501024545416527,
    0.004335613309290791,
    0.004073504232994947,
    0.00700057516932808,
    0.010140152529658024,
    0.015418569862058923,
    0.014924973165324252,
    0.013191390608997098,
    0.015565136535196835,
    0.015757888558308546,
    0.01913627458189914,
    0.07556482851646534,
    0.06229766933874529
  ],
  "B_knee": 71,
  "rmse_floor": 0.1474467358354968,
  "narrow": {
    "B": 23,
    "rmse": 0.4147860318607707
  },
  "matched": {
    "B": 89,
    "rmse": 0.1597651701774888
  },
  "note": "RMSE-vs-B_INR knee at essential bandwidth; narrow INR aliases (folds), matched recovers"
}