{
  "name": "sunspots",
  "M": 2000,
  "B_sig": 318,
  "N": 1400,
  "snr_db": 30.0,
  "density": 3.0,
  "n_seeds": 10,
  "grid": [
    53,
    73,
    94,
    115,
    136,
    157,
    178,
    199,
    220,
    241,
    262,
    283,
    304,
    324,
    345,
    366,
    387,
    408,
    429,
    450,
    471,
    492,
    513,
    534,
    555,
    576
  ],
  "rmse_mean": [
    0.5711837512771846,
    0.5463458420025307,
    0.5315617935653872,
    0.5213280262515996,
    0.48712715910460924,
    0.45720210251321924,
    0.3958130744510817,
    0.37162845781169207,
    0.35243551748501845,
    0.33695785037202514,
    0.3389914539925397,
    0.31984290123093906,
    0.2927141970077007,
    0.30072250828836683,
    0.28070589190115885,
    0.2936979511956826,
    0.34972515117939257,
    0.38791584637098636,
    0.413252972117756,
    0.9832870679023434,
    1.566231796760784,
    2.688280265950376,
    5.385992489064747,
    8.582097974646295,
    27.43497455256615,
    39.400865667686155
  ],
  "rmse_std": [
    0.0022173065717415266,
    0.0028321183662001043,
    0.003504079163903753,
    0.0038085282469264028,
    0.0044302967969286865,
    0.006212207705710778,
    0.003151243489452366,
    0.005496761033938357,
    0.00737637376902165,
    0.012230323240763338,
    0.022167399835887076,
    0.023067697490030275,
    0.014664967377602473,
    0.03427372495082321,
    0.0328264809189746,
    0.0693397494332559,
    0.19529218026483447,
    0.1741367837162482,
    0.1529924409457865,
    1.1491682719159524,
    2.5731791300374915,
    3.709741002382959,
    8.653967007891474,
    12.165453382273338,
    46.91047366140154,
    51.604606386656116
  ],
  "out_of_band_frac_seed0": [
    0.04420198012480361,
    0.03311341190570199,
    0.04938532465519584,
    0.08358289666356278,
    0.10920656469164812,
    0.10137751826615247,
    0.059543323825744586,
    0.05111275211185312,
    0.048191554932768645,
    0.0416413265769392,
    0.04485456169184234,
    0.03883426933494507,
    0.027353363342391974,
    0.02804161767603515,
    0.025060286884885843,
    0.04481256280181491,
    0.040011375219977156,
    0.030779915594607594,
    0.03990151398585012,
    0.06477956759622427,
    0.05861275591659495,
    0.041506732713501825,
    0.05302594787004899,
    0.15639258282992427,
    0.1603373132206243,
    0.26340052165772276
  ],
  "B_knee": 220,
  "rmse_floor": 0.28070589190115885,
  "narrow": {
    "B": 106,
    "rmse_mean": 0.5259694179448787,
    "rmse_std": 0.0037075096897534006
  },
  "matched": {
    "B": 413,
    "rmse_mean": 0.365102644744056,
    "rmse_std": 0.12455707156216006
  },
  "note": "RMSE-vs-B_INR knee at essential bandwidth, mean +- s.d. over n_seeds nonuniform-subsample/noise draws (N < M strictly: genuine subsampling)"
}