{
  "name": "speech",
  "n_segments": 9,
  "n_seeds": 10,
  "snr_db": 30.0,
  "sample_frac": 0.5,
  "M": 2000,
  "fs_eff_hz": 1000.0,
  "duration_s": 2.0,
  "segments": [
    "rec0_seg0",
    "rec0_seg1",
    "rec0_seg2",
    "rec1_seg0",
    "rec1_seg1",
    "rec1_seg2",
    "rec2_seg0",
    "rec2_seg1",
    "rec2_seg2"
  ],
  "methods": {
    "oracle": {
      "rmse_mean": 1.001224708044016,
      "rmse_ci95": 0.0006562864485056466,
      "paired_diff_vs_oracle_mean": 0.0,
      "paired_diff_ci95": 0.0,
      "band_mean": 9.511111111111111,
      "n": 90
    },
    "ls_periodogram": {
      "rmse_mean": 1.4624641499089825,
      "rmse_ci95": 0.07379513985655216,
      "paired_diff_vs_oracle_mean": 0.461239441864967,
      "paired_diff_ci95": 0.07380887401186914,
      "band_mean": 235.66666666666666,
      "n": 90
    },
    "corr_periodogram": {
      "rmse_mean": 1.4560713540622578,
      "rmse_ci95": 0.07316039973664647,
      "paired_diff_vs_oracle_mean": 0.45484664601824165,
      "paired_diff_ci95": 0.07317742823323445,
      "band_mean": 235.62222222222223,
      "n": 90
    },
    "cv": {
      "rmse_mean": 1.0021432900007416,
      "rmse_ci95": 0.00045200652951164717,
      "paired_diff_vs_oracle_mean": 0.0009185819567257219,
      "paired_diff_ci95": 0.0004725267400854696,
      "band_mean": 4.088888888888889,
      "n": 90
    },
    "fixed_narrow": {
      "rmse_mean": 1.0038231377834397,
      "rmse_ci95": 0.0006115308047550408,
      "paired_diff_vs_oracle_mean": 0.0025984297394237577,
      "paired_diff_ci95": 0.0004418630582388597,
      "band_mean": 8.0,
      "n": 90
    },
    "fixed_wide": {
      "rmse_mean": 1.7341091445495607,
      "rmse_ci95": 0.221042228778397,
      "paired_diff_vs_oracle_mean": 0.7328844365055442,
      "paired_diff_ci95": 0.22118784800296123,
      "band_mean": 250.0,
      "n": 90
    },
    "ridge_wide": {
      "rmse_mean": 2.220240210537259,
      "rmse_ci95": 0.05744589649189897,
      "paired_diff_vs_oracle_mean": 1.2190155024932428,
      "paired_diff_ci95": 0.057460117294286704,
      "band_mean": 333.0,
      "n": 90
    }
  },
  "lowpass_proxy": false,
  "note": "oracle sees the full reference (upper bound only); all other methods are sample-only; anti-aliased resample_poly decimation; full records, no energy-based window selection",
  "_meta": {
    "python": "3.11.2",
    "platform": "Windows-10-10.0.26200-SP0",
    "numpy": "2.4.6",
    "scipy": "1.17.1",
    "torch": "2.13.0+cpu",
    "cuda": null,
    "git_commit": "f913abc"
  }
}