{
  "name": "co2",
  "n_segments": 1,
  "n_seeds": 10,
  "snr_db": 30.0,
  "sample_frac": 0.5,
  "M": 820,
  "fs_eff_hz": 12.0,
  "duration_s": 68.33333333333333,
  "segments": [
    "co2"
  ],
  "methods": {
    "oracle": {
      "rmse_mean": 0.2039544631454207,
      "rmse_ci95": 0.016509915283064464,
      "paired_diff_vs_oracle_mean": 0.0,
      "paired_diff_ci95": 0.0,
      "band_mean": 69.0,
      "n": 10
    },
    "ls_periodogram": {
      "rmse_mean": 0.16714526363873422,
      "rmse_ci95": 0.012024435900298367,
      "paired_diff_vs_oracle_mean": -0.03680919950668645,
      "paired_diff_ci95": 0.013016776361568729,
      "band_mean": 72.9,
      "n": 10
    },
    "corr_periodogram": {
      "rmse_mean": 0.16767580637395307,
      "rmse_ci95": 0.012150031908264575,
      "paired_diff_vs_oracle_mean": -0.0362786567714676,
      "paired_diff_ci95": 0.012479939913572323,
      "band_mean": 72.9,
      "n": 10
    },
    "cv": {
      "rmse_mean": 0.299791515859505,
      "rmse_ci95": 0.07778425377558794,
      "paired_diff_vs_oracle_mean": 0.0958370527140843,
      "paired_diff_ci95": 0.0850706296191612,
      "band_mean": 44.2,
      "n": 10
    },
    "fixed_narrow": {
      "rmse_mean": 0.41302946197129753,
      "rmse_ci95": 0.0011457177881919066,
      "paired_diff_vs_oracle_mean": 0.20907499882587688,
      "paired_diff_ci95": 0.0161888662370976,
      "band_mean": 8.0,
      "n": 10
    },
    "fixed_wide": {
      "rmse_mean": 0.4126773046734721,
      "rmse_ci95": 0.3743788754933188,
      "paired_diff_vs_oracle_mean": 0.20872284152805146,
      "paired_diff_ci95": 0.3621425672454137,
      "band_mean": 102.0,
      "n": 10
    },
    "ridge_wide": {
      "rmse_mean": 0.3658792005130761,
      "rmse_ci95": 0.034933183654210276,
      "paired_diff_vs_oracle_mean": 0.1619247373676554,
      "paired_diff_ci95": 0.04078492177938858,
      "band_mean": 136.0,
      "n": 10
    }
  },
  "lowpass_proxy": false,
  "note": "oracle sees the full reference (upper bound only); all other methods are sample-only; anti-aliased resample_poly decimation; full records, no energy-based window selection",
  "_meta": {
    "python": "3.11.2",
    "platform": "Windows-10-10.0.26200-SP0",
    "numpy": "2.4.6",
    "scipy": "1.17.1",
    "torch": "2.13.0+cpu",
    "cuda": null,
    "git_commit": "3b406a4"
  }
}