{
  "name": "co2",
  "M": 820,
  "B_sig": 69,
  "N": 414,
  "snr_db": 30.0,
  "density": 3.0,
  "grid": [
    11,
    15,
    20,
    25,
    29,
    34,
    39,
    43,
    48,
    53,
    57,
    62,
    67,
    71,
    76,
    81,
    85,
    90,
    95,
    99,
    104,
    109,
    113,
    118,
    123,
    128
  ],
  "rmse": [
    0.4126906396737278,
    0.4125627971392507,
    0.4139381530054023,
    0.4152691728124257,
    0.4188315450943923,
    0.42070033044742683,
    0.4310833883559142,
    0.43168280493405425,
    0.4365103775589229,
    0.44044156494707337,
    0.44700216175533797,
    0.4577792086694186,
    0.4593268644967013,
    0.1474467358354968,
    0.15019759223843537,
    0.1588847483027229,
    0.15716706326529242,
    0.1619582613889822,
    0.16203464416087052,
    0.16291380463363225,
    0.16549957245134572,
    0.19364400069812698,
    0.22843170228523033,
    0.26961055927885497,
    0.27685878124157554,
    0.32178943407487065
  ],
  "out_of_band_frac": [
    0.0016765013883182872,
    0.006265079484439928,
    0.003843215383796967,
    0.007451884369463133,
    0.006433470325916002,
    0.009006001539113967,
    0.005185266457217949,
    0.0073622233366328095,
    0.017483713429264143,
    0.1501949505258394,
    0.15788962571787507,
    0.15912229271378273,
    0.14964391909617553,
    0.00850102454541657,
    0.004335613309290842,
    0.004073504232994969,
    0.007000575169328067,
    0.010140152529658003,
    0.015418569862059098,
    0.014924973165324268,
    0.013191390608997301,
    0.015565136535196653,
    0.01575788855830991,
    0.01913627458190145,
    0.07556482851643698,
    0.06229766933876673
  ],
  "B_knee": 71,
  "rmse_floor": 0.1474467358354968,
  "narrow": {
    "B": 23,
    "rmse": 0.4147860318607707
  },
  "matched": {
    "B": 89,
    "rmse": 0.15976517017748879
  },
  "note": "RMSE-vs-B_INR knee at essential bandwidth; narrow INR aliases (folds), matched recovers"
}