{
  "name": "co2",
  "n_segments": 1,
  "n_seeds": 10,
  "snr_db": 30.0,
  "sample_frac": 0.5,
  "M": 820,
  "fs_eff_hz": 12.0,
  "duration_s": 68.33333333333333,
  "segments": [
    "co2"
  ],
  "methods": {
    "oracle": {
      "rmse_mean": 0.17059333324384157,
      "rmse_ci95": 0.0193289508396396,
      "paired_diff_vs_oracle_mean": 0.0,
      "paired_diff_ci95": 0.0,
      "band_mean": 82.0,
      "n": 10
    },
    "ls_periodogram": {
      "rmse_mean": 0.16714526363873422,
      "rmse_ci95": 0.012024435900298367,
      "paired_diff_vs_oracle_mean": -0.0034480696051073316,
      "paired_diff_ci95": 0.014497046441172636,
      "band_mean": 72.9,
      "n": 10
    },
    "corr_periodogram": {
      "rmse_mean": 0.16767580637395307,
      "rmse_ci95": 0.012150031908264575,
      "paired_diff_vs_oracle_mean": -0.0029175268698884787,
      "paired_diff_ci95": 0.01400102547892492,
      "band_mean": 72.9,
      "n": 10
    },
    "cv": {
      "rmse_mean": 0.299791515859505,
      "rmse_ci95": 0.07778425377558794,
      "paired_diff_vs_oracle_mean": 0.1291981826156634,
      "paired_diff_ci95": 0.0846106699013655,
      "band_mean": 44.2,
      "n": 10
    },
    "fixed_narrow": {
      "rmse_mean": 0.41302946197129753,
      "rmse_ci95": 0.0011457177881919066,
      "paired_diff_vs_oracle_mean": 0.24243612872745599,
      "paired_diff_ci95": 0.018925155528288624,
      "band_mean": 8.0,
      "n": 10
    },
    "fixed_wide": {
      "rmse_mean": 0.4126773046734721,
      "rmse_ci95": 0.3743788754933188,
      "paired_diff_vs_oracle_mean": 0.24208397142963056,
      "paired_diff_ci95": 0.35835903869407937,
      "band_mean": 102.0,
      "n": 10
    },
    "ridge_wide": {
      "rmse_mean": 0.3658792005130761,
      "rmse_ci95": 0.034933183654210276,
      "paired_diff_vs_oracle_mean": 0.19528586726923453,
      "paired_diff_ci95": 0.04319363188266489,
      "band_mean": 136.0,
      "n": 10
    }
  },
  "lowpass_proxy": false,
  "note": "oracle sees the full reference (upper bound only); all other methods are sample-only; anti-aliased resample_poly decimation; full records, no energy-based window selection",
  "_meta": {
    "python": "3.11.2",
    "platform": "Windows-10-10.0.26200-SP0",
    "numpy": "2.4.6",
    "scipy": "1.17.1",
    "torch": "2.13.0+cpu",
    "cuda": null,
    "git_commit": "f913abc"
  }
}