{
  "name": "sunspots_smooth",
  "M": 2000,
  "B_sig": 30,
  "N": 180,
  "snr_db": 30.0,
  "density": 3.0,
  "grid": [
    5,
    7,
    9,
    11,
    13,
    15,
    17,
    19,
    21,
    24,
    26,
    28,
    30,
    32,
    34,
    36,
    38,
    41,
    43,
    45,
    47,
    49,
    51,
    53,
    55,
    58
  ],
  "rmse": [
    0.9059229016425993,
    0.910730782616641,
    0.9149818904567928,
    0.9126477078894106,
    0.9019908624212536,
    0.6906258699380734,
    0.5520436537335696,
    0.4811235822138241,
    0.42601407962968363,
    0.3587971766157274,
    0.3716730977874093,
    0.38915138562995744,
    0.368430765812805,
    0.37646321860767684,
    0.3768828775516236,
    0.3379108345146296,
    0.3380795257514591,
    0.36090633591297505,
    0.3954530299613165,
    0.36340115678763485,
    0.30303434861790945,
    0.30444175058827627,
    0.3316817563954256,
    0.39375430326529903,
    0.5376798398174317,
    1.7839090510230704
  ],
  "out_of_band_frac": [
    0.29893286869734126,
    0.3020240942603848,
    0.13861594146674283,
    0.5493962955066669,
    0.6106470736808546,
    0.2534512675757571,
    0.13012741316144272,
    0.09573403423847185,
    0.06175203719892937,
    0.04495958116868967,
    0.03845150413005693,
    0.029789523913724966,
    0.01679714624381772,
    0.015873435879170134,
    0.014171145262859924,
    0.013944966169527916,
    0.018442462005738198,
    0.018291434824450607,
    0.10647130824366696,
    0.05814077395363724,
    0.07566540997197632,
    0.04720079097334445,
    0.0359148947914542,
    0.17542624197032225,
    0.1795594433425052,
    0.2627254563495326
  ],
  "B_knee": 24,
  "rmse_floor": 0.30303434861790945,
  "narrow": {
    "B": 10,
    "rmse": 0.9255109401528165
  },
  "matched": {
    "B": 39,
    "rmse": 0.34236953091700245
  },
  "note": "RMSE-vs-B_INR knee at essential bandwidth; narrow INR aliases (folds), matched recovers"
}