{
  "name": "speech",
  "M": 2000,
  "B_sig": 500,
  "N": 1400,
  "snr_db": 30.0,
  "density": 3.0,
  "n_seeds": 10,
  "grid": [
    83,
    107,
    132,
    156,
    181,
    206,
    230,
    255,
    280,
    304,
    329,
    354,
    378,
    403,
    427,
    452,
    477,
    501,
    526,
    551,
    575,
    600,
    625,
    649,
    674,
    699
  ],
  "rmse_mean": [
    1.016178000692575,
    1.0235157850138275,
    1.0300692621606267,
    1.0380002586245265,
    1.0517195520264007,
    1.0636607636622777,
    1.079792719946576,
    1.1022169946914864,
    1.1244515999575697,
    1.162217693893997,
    1.2575791634247586,
    1.3343020294791625,
    1.5512099309319916,
    1.94189930809911,
    2.410871975831511,
    2.783561245755492,
    5.9503109251785435,
    6.293860835356686,
    25.599427911817,
    24.937994707918662,
    65.92450959234495,
    165.91340351573555,
    296.0845038205046,
    737.4344708958358,
    979.1444830968572,
    840.0125383408201
  ],
  "rmse_std": [
    0.0062192345717807275,
    0.006060988138650819,
    0.008197220026796716,
    0.01084353141987556,
    0.014033284546111462,
    0.01826866450887106,
    0.01856878640489323,
    0.022414967706806743,
    0.027354822646448312,
    0.03345042044281071,
    0.08469619321469209,
    0.10111584098614002,
    0.24055108847142942,
    0.5354199810886632,
    0.8888337090835795,
    1.0452768614090717,
    8.37677400751345,
    6.559481421827898,
    53.803220720773496,
    40.249525481475445,
    60.21570304479093,
    128.87317268796843,
    307.5980053847683,
    420.4239243832584,
    304.412520127826,
    248.06097837945853
  ],
  "out_of_band_frac_seed0": [
    0.22491755255649912,
    0.22195157569884516,
    0.24650652657116762,
    0.16523341242596973,
    0.18987951364404201,
    0.2473655030684753,
    0.2509923688259563,
    0.14738465938976006,
    0.18195781962771793,
    0.1803000978200243,
    0.2130674514579419,
    0.09223630836473568,
    0.04288953392672845,
    0.028215640229536643,
    0.017468843790825347,
    0.2211967084643089,
    0.042828946928980545,
    0.0905793153721627,
    0.09115636681126597,
    0.22592859969880963,
    0.23174277180063851,
    0.20601158397737543,
    0.27812232950533167,
    0.18058613069776555,
    0.44221174745591274,
    0.22745524211296914
  ],
  "B_knee": 83,
  "rmse_floor": 1.016178000692575,
  "narrow": {
    "B": 166,
    "rmse_mean": 1.0427044371214857,
    "rmse_std": 0.0130055932105924
  },
  "matched": {
    "B": 650,
    "rmse_mean": 682.0757325922895,
    "rmse_std": 385.74392433722886
  },
  "note": "RMSE-vs-B_INR knee at essential bandwidth, mean +- s.d. over n_seeds nonuniform-subsample/noise draws (N < M strictly: genuine subsampling)"
}