{
  "name": "speech",
  "n_segments": 9,
  "n_seeds": 10,
  "snr_db": 30.0,
  "sample_frac": 0.5,
  "M": 2000,
  "fs_eff_hz": 1000.0,
  "duration_s": 2.0,
  "segments": [
    "rec0_seg0",
    "rec0_seg1",
    "rec0_seg2",
    "rec1_seg0",
    "rec1_seg1",
    "rec1_seg2",
    "rec2_seg0",
    "rec2_seg1",
    "rec2_seg2"
  ],
  "methods": {
    "oracle": {
      "rmse_mean": 1.0020288618024944,
      "rmse_ci95": 0.0010101465524735662,
      "paired_diff_vs_oracle_mean": 0.0,
      "paired_diff_ci95": 0.0,
      "band_mean": 6.311111111111111,
      "n": 90,
      "n_clusters": 9
    },
    "ls_periodogram": {
      "rmse_mean": 1.6470214224050586,
      "rmse_ci95": 0.1472915233586907,
      "paired_diff_vs_oracle_mean": 0.644992560602564,
      "paired_diff_ci95": 0.1478951201846312,
      "band_mean": 235.95555555555555,
      "n": 90,
      "n_clusters": 9
    },
    "corr_periodogram": {
      "rmse_mean": 1.6465208219400134,
      "rmse_ci95": 0.14705548632039075,
      "paired_diff_vs_oracle_mean": 0.6444919601375191,
      "paired_diff_ci95": 0.14765102726813736,
      "band_mean": 235.9,
      "n": 90,
      "n_clusters": 9
    },
    "cv": {
      "rmse_mean": 1.0029581066365651,
      "rmse_ci95": 0.0007738187563523188,
      "paired_diff_vs_oracle_mean": 0.0009292448340706712,
      "paired_diff_ci95": 0.0011187269060522565,
      "band_mean": 4.4222222222222225,
      "n": 90,
      "n_clusters": 9
    },
    "fixed_narrow": {
      "rmse_mean": 1.004203277695974,
      "rmse_ci95": 0.0006822562491754229,
      "paired_diff_vs_oracle_mean": 0.0021744158934796382,
      "paired_diff_ci95": 0.0005759364178675975,
      "band_mean": 8.0,
      "n": 90,
      "n_clusters": 9
    },
    "fixed_wide": {
      "rmse_mean": 2.255174649665438,
      "rmse_ci95": 0.8087912074819137,
      "paired_diff_vs_oracle_mean": 1.2531457878629437,
      "paired_diff_ci95": 0.8090428425655617,
      "band_mean": 250.0,
      "n": 90,
      "n_clusters": 9
    },
    "ridge_wide": {
      "rmse_mean": 2.33010729412579,
      "rmse_ci95": 0.18112236278827218,
      "paired_diff_vs_oracle_mean": 1.3280784323232955,
      "paired_diff_ci95": 0.1819810419995291,
      "band_mean": 333.0,
      "n": 90,
      "n_clusters": 9
    }
  },
  "lowpass_proxy": false,
  "note": "oracle sees the full reference (upper bound only); all other methods are sample-only; anti-aliased resample_poly decimation; full records, no energy-based window selection",
  "_meta": {
    "python": "3.11.2",
    "platform": "Windows-10-10.0.26200-SP0",
    "numpy": "2.4.6",
    "scipy": "1.17.1",
    "torch": "2.13.0+cpu",
    "cuda": null,
    "git_commit": "c9857ef"
  }
}