{
  "name": "co2",
  "n_blocks": 3,
  "n_seeds": 6,
  "snr_db": 30.0,
  "sample_frac": 0.5,
  "block_len": 273,
  "rate": 12.0,
  "rate_unit": "1/yr",
  "duration": 22.75,
  "time_unit": "yr",
  "blocks": [
    "co2_blk0",
    "co2_blk1",
    "co2_blk2"
  ],
  "methods": {
    "oracle": {
      "rmse_mean": 0.44058000926855573,
      "rmse_ci95": 0.21526808726747945,
      "paired_diff_vs_oracle_mean": 0.0,
      "paired_diff_ci95": 0.0,
      "band_mean": 27.944444444444443,
      "n": 18,
      "n_clusters": 3
    },
    "ls_periodogram": {
      "rmse_mean": 0.511212819647635,
      "rmse_ci95": 0.18062160661065418,
      "paired_diff_vs_oracle_mean": 0.0706328103790792,
      "paired_diff_ci95": 0.03572249160369132,
      "band_mean": 27.72222222222222,
      "n": 18,
      "n_clusters": 3
    },
    "corr_periodogram": {
      "rmse_mean": 0.5035787423163227,
      "rmse_ci95": 0.21043577403433064,
      "paired_diff_vs_oracle_mean": 0.06299873304776701,
      "paired_diff_ci95": 0.007441491874854702,
      "band_mean": 27.833333333333332,
      "n": 18,
      "n_clusters": 3
    },
    "cv": {
      "rmse_mean": 0.5429489939952744,
      "rmse_ci95": 0.33205060081556204,
      "paired_diff_vs_oracle_mean": 0.10236898472671861,
      "paired_diff_ci95": 0.13297552234735507,
      "band_mean": 21.11111111111111,
      "n": 18,
      "n_clusters": 3
    },
    "fixed_narrow": {
      "rmse_mean": 0.9006241278304672,
      "rmse_ci95": 0.14961196713644637,
      "paired_diff_vs_oracle_mean": 0.4600441185619114,
      "paired_diff_ci95": 0.35245689123420554,
      "band_mean": 8.0,
      "n": 18,
      "n_clusters": 3
    },
    "fixed_wide": {
      "rmse_mean": 0.669781584991253,
      "rmse_ci95": 0.06739644582587861,
      "paired_diff_vs_oracle_mean": 0.22920157572269703,
      "paired_diff_ci95": 0.22303258649575333,
      "band_mean": 34.0,
      "n": 18,
      "n_clusters": 3
    },
    "ridge_wide": {
      "rmse_mean": 0.5901556200824969,
      "rmse_ci95": 0.2985491817528109,
      "paired_diff_vs_oracle_mean": 0.14957561081394102,
      "paired_diff_ci95": 0.18633103277408294,
      "band_mean": 45.0,
      "n": 18,
      "n_clusters": 3
    }
  },
  "lowpass_proxy": false,
  "degradation": "50% uniform-random missing samples + AWGN at 30 dB SNR",
  "note": "oracle = best (B,ridge) in the family by TRUE error (evaluation upper bound only, dominates every selector per draw); all other methods are sample-only with detrend/standardization estimated from the training samples of each draw (no full-record leakage); CIs cluster on disjoint time blocks, not mask seeds; anti-aliased decimation (speech only).",
  "_meta": {
    "git_commit": "a7db7ea9b63a4006fae6150984d52ce105f23f02",
    "git_short": "a7db7ea9",
    "git_dirty": false,
    "source_tree_sha256": "1f28d5f0416a1197",
    "command": "experiments/run_real_signal.py",
    "timestamp_utc": "2026-07-17T16:04:52.650590+00:00",
    "hostname": "autodl-container-p48vc3ykfm-7ba3727f",
    "python": "3.12.3",
    "platform": "Linux-5.15.0-25-generic-x86_64-with-glibc2.35",
    "cpu_count": 128,
    "numpy": "2.3.2",
    "scipy": "1.18.0",
    "torch": "2.8.0+cu128",
    "cuda": "12.8",
    "gpu": "NVIDIA GeForce RTX 4080 SUPER"
  }
}