{
  "name": "co2",
  "n_blocks": 3,
  "n_seeds": 6,
  "snr_db": 30.0,
  "sample_frac": 0.5,
  "block_len": 273,
  "rate": 12.0,
  "rate_unit": "1/yr",
  "duration": 22.75,
  "time_unit": "yr",
  "blocks": [
    "co2_blk0",
    "co2_blk1",
    "co2_blk2"
  ],
  "methods": {
    "oracle": {
      "rmse_mean": 0.4405800092685558,
      "rmse_ci95": 0.2152680872755748,
      "paired_diff_vs_oracle_mean": 0.0,
      "paired_diff_ci95": 0.0,
      "band_mean": 27.944444444444443,
      "n": 18,
      "n_clusters": 3
    },
    "ls_periodogram": {
      "rmse_mean": 0.5112128196476349,
      "rmse_ci95": 0.18062160661744708,
      "paired_diff_vs_oracle_mean": 0.0706328103790792,
      "paired_diff_ci95": 0.035722491605034594,
      "band_mean": 27.72222222222222,
      "n": 18,
      "n_clusters": 3
    },
    "corr_periodogram": {
      "rmse_mean": 0.5035787423163227,
      "rmse_ci95": 0.21043577404224478,
      "paired_diff_vs_oracle_mean": 0.06299873304776699,
      "paired_diff_ci95": 0.0074414918751343345,
      "band_mean": 27.833333333333332,
      "n": 18,
      "n_clusters": 3
    },
    "cv": {
      "rmse_mean": 0.5429489939952743,
      "rmse_ci95": 0.3320506008280498,
      "paired_diff_vs_oracle_mean": 0.1023689847267186,
      "paired_diff_ci95": 0.13297552235235616,
      "band_mean": 21.11111111111111,
      "n": 18,
      "n_clusters": 3
    },
    "fixed_narrow": {
      "rmse_mean": 0.9006241278304672,
      "rmse_ci95": 0.14961196714207292,
      "paired_diff_vs_oracle_mean": 0.4600441185619114,
      "paired_diff_ci95": 0.35245689124746055,
      "band_mean": 8.0,
      "n": 18,
      "n_clusters": 3
    },
    "fixed_wide": {
      "rmse_mean": 0.6697815849912526,
      "rmse_ci95": 0.06739644582841327,
      "paired_diff_vs_oracle_mean": 0.2292015757226969,
      "paired_diff_ci95": 0.2230325865041395,
      "band_mean": 34.0,
      "n": 18,
      "n_clusters": 3
    },
    "ridge_wide": {
      "rmse_mean": 0.5901556200824969,
      "rmse_ci95": 0.2985491817640389,
      "paired_diff_vs_oracle_mean": 0.14957561081394108,
      "paired_diff_ci95": 0.18633103278109073,
      "band_mean": 45.0,
      "n": 18,
      "n_clusters": 3
    }
  },
  "lowpass_proxy": false,
  "degradation": "50% uniform-random missing samples + AWGN at 30 dB SNR",
  "note": "oracle = best (B,ridge) in the family by TRUE error (evaluation upper bound only, dominates every selector per draw); all other methods are sample-only with detrend/standardization estimated from the training samples of each draw (no full-record leakage); CIs cluster on disjoint time blocks, not mask seeds; anti-aliased decimation (speech only).",
  "_meta": {
    "git_commit": "3e4df1815503cb5a30a6e55e6bf5fc302884dcdf",
    "git_short": "3e4df181",
    "git_dirty": false,
    "source_tree_sha256": "03a901c5bc5e384f",
    "command": "experiments/run_real_signal.py",
    "timestamp_utc": "2026-07-17T19:23:38.645408+00:00",
    "hostname": "autodl-container-p48vc3ykfm-7ba3727f",
    "python": "3.12.3",
    "platform": "Linux-5.15.0-25-generic-x86_64-with-glibc2.35",
    "cpu_count": 128,
    "numpy": "1.26.4",
    "scipy": "1.11.4",
    "torch": "2.2.2+cu121",
    "cuda": "12.1",
    "gpu": "NVIDIA GeForce RTX 4080 SUPER"
  }
}