{
  "Lambda": [
    -23.0,
    -17.0,
    -11.0,
    -5.0,
    0.0,
    5.0,
    11.0,
    17.0,
    23.0
  ],
  "m": 9,
  "Q": 128,
  "N": 96,
  "nu": 111.0,
  "sigma": 0.03,
  "out_amp": 0.8,
  "fold_freq": -17.0,
  "n_seeds": 20,
  "sample_rmse_mean": 0.02835632860127451,
  "sample_rmse_std": 0.002019605421711655,
  "spectral_error_mean": 1.1315589291242034,
  "spectral_error_std": 0.00338357610092665,
  "recon_rmse_mean": 1.600134788270188,
  "recon_rmse_std": 0.0023912414069549824,
  "fig_seed": 7,
  "fig_sample_rmse": 0.025797908360652117,
  "fig_spectral_error": 1.1313476894297716,
  "fig_recon_rmse": 1.599983623159338,
  "diagnostic_out_of_band_frac": 9.611972437246238e-05,
  "diagnostic_flag": false,
  "diagnostic_underdetermined": false,
  "note": "exact grid fold: samples on an N-of-Q grid subset (nonuniform), nu = -17 (mod Q) -> zero structural residual, full-energy fold onto the structured atom -17, recon RMSE >= ||f_out||; provably invisible to any sample-based diagnostic (ring correctly does not fire)"
}