{
  "Lambda": [
    0.0,
    5.0,
    -5.0,
    11.0,
    -11.0,
    17.0,
    -17.0,
    23.0,
    -23.0
  ],
  "m": 9,
  "Q": 128,
  "nu": 111.0,
  "N_grid": 96,
  "sigma": 0.03,
  "amp": 0.8,
  "n_draws": 20,
  "min_freq_separation": 5.0,
  "panel_a_jitter": {
    "sigma_t": [
      0.0,
      2e-05,
      3.2375355112801314e-05,
      5.2408180933999496e-05,
      8.483667342770883e-05,
      0.0001373308714405417,
      0.00022230678654190002,
      0.00035986305791398663,
      0.000582534714597195,
      0.0009429884125309284,
      0.0015264792361472806,
      0.002471015367129295,
      0.004
    ],
    "v_mean": [
      1.9296805851076195e-14,
      0.015255412544454608,
      0.024379060176602466,
      0.040245423410590786,
      0.0641097091367491,
      0.10413066867920491,
      0.16973127454197484,
      0.2667588820714804,
      0.4212062381737918,
      0.619809683144061,
      0.8356132992058353,
      0.9510763808357809,
      0.9535628074329174
    ],
    "v_ci": [
      4.486585862152749e-16,
      0.0005423621656076948,
      0.0006723577167068535,
      0.00128807708993685,
      0.002212918892911878,
      0.003911599050770424,
      0.004331903688737583,
      0.009703979767729142,
      0.010501622928443373,
      0.014579274994229386,
      0.014401104549499158,
      0.006690206519992252,
      0.006329406473933137
    ],
    "v_pred": [
      0.0,
      0.016083914044451152,
      0.026033392939602672,
      0.042130446876216164,
      0.06815037078105843,
      0.11011206206570132,
      0.17737040801916823,
      0.2834628104541208,
      0.4439316237576585,
      0.661353100496133,
      0.8823057152098867,
      0.9903199710188583,
      0.9999839879577627
    ]
  },
  "panel_b_concentration": {
    "N": [
      400,
      800,
      1600,
      3200,
      6400,
      12800,
      25600
    ],
    "K": 31,
    "amax_mean": [
      0.19350965456246602,
      0.13395440452384963,
      0.09873252157422215,
      0.06708145662187634,
      0.04792713542730832,
      0.0334845889346317,
      0.023716971352694804
    ],
    "amax_ci": [
      0.006851186309257893,
      0.004218133869861608,
      0.006636661334465277,
      0.004051475598135063,
      0.002804288471350786,
      0.001790655908458959,
      0.0014567578286874517
    ],
    "bound_delta05": [
      Infinity,
      Infinity,
      Infinity,
      Infinity,
      0.8613596559908197,
      0.34668301905146703,
      0.18790244714562576
    ]
  },
  "panel_c_fixed_vs_adversarial": {
    "N": [
      32,
      64,
      128,
      256,
      384
    ],
    "Q": 512,
    "nu": 495.0,
    "curves": {
      "grid_fixed": [
        7.396038918818204e-14,
        8.107860607064054e-14,
        8.355770050136201e-14,
        8.543575529373878e-14,
        8.578187021856577e-14
      ],
      "iid_fixed": [
        0.8479717407883216,
        0.9326419629477023,
        0.9602402762193734,
        0.9834890178933368,
        0.9885349886807866
      ],
      "iid_adversarial": [
        0.731481287803853,
        0.865472952603055,
        0.9344737221143553,
        0.9687696112828258,
        0.9787872612236439
      ]
    },
    "cis": {
      "grid_fixed": [
        6.084184604541614e-15,
        3.639359803809429e-15,
        1.95025873180649e-15,
        9.539447193162627e-16,
        7.632758275111758e-16
      ],
      "iid_fixed": [
        0.023998715386080203,
        0.009696427269994956,
        0.007910597293108135,
        0.0021213872427612735,
        0.0014088826175641777
      ],
      "iid_adversarial": [
        0.019816231038392085,
        0.011499841139985083,
        0.007264100672414258,
        0.0021337133087803123,
        0.0015577477848926656
      ]
    },
    "n_candidates": 51
  },
  "panel_d_decomposition": {
    "sigma_t": [
      0.0,
      2e-05,
      3.2375355112801314e-05,
      5.2408180933999496e-05,
      8.483667342770883e-05,
      0.0001373308714405417,
      0.00022230678654190002,
      0.00035986305791398663,
      0.000582534714597195,
      0.0009429884125309284,
      0.0015264792361472806,
      0.002471015367129295,
      0.004
    ],
    "curves": {
      "total": [
        0.8008598511986463,
        0.8004571477657487,
        0.799033140286151,
        0.7997763689530675,
        0.8003508421088774,
        0.7967738172958432,
        0.7937404398888726,
        0.786959912688123,
        0.7675940284593886,
        0.7173693992320095,
        0.6395106313827231,
        0.5942781255213939,
        0.5948551839171415
      ],
      "modeled": [
        0.5668979711637261,
        0.5663259687117235,
        0.5643148860762196,
        0.5653641314450246,
        0.5661749359685903,
        0.5611077912831061,
        0.5567681063800693,
        0.5469808262829201,
        0.5185983716257431,
        0.4405976085581121,
        0.2962306513814285,
        0.17864580263541277,
        0.17932709455363996
      ],
      "residual": [
        0.02845562583812954,
        0.02961653507473993,
        0.03117683243235469,
        0.035583659094977765,
        0.04577805149501919,
        0.06718780475118581,
        0.09814792635920551,
        0.15193254144343632,
        0.2384388749019788,
        0.35163197670021895,
        0.4761041653730871,
        0.5288225299128637,
        0.5444248842256675
      ]
    },
    "cis": {
      "total": [
        0.0008059919801254836,
        0.0011493671727339637,
        0.0007322985644512923,
        0.0010633947442179363,
        0.0012277254344554363,
        0.001142658809532626,
        0.002545515774530687,
        0.0047005273602194215,
        0.00659865652954671,
        0.007828967381285874,
        0.00791089662794847,
        0.004815943379650856,
        0.00649472895927825
      ],
      "modeled": [
        0.0011379461172365414,
        0.0016260024871246812,
        0.0010372221291719908,
        0.001506982919491514,
        0.001733784285286713,
        0.001622509004629567,
        0.0036310582021718157,
        0.006777095520893486,
        0.009765642418408993,
        0.012684310287735588,
        0.017592781030126767,
        0.016624332576092037,
        0.019616017143730756
      ],
      "residual": [
        0.001114766111526731,
        0.001247483245893653,
        0.000988512708059058,
        0.0012505186156484447,
        0.001529964565768136,
        0.002194772416240761,
        0.004498546184697703,
        0.008297143380134937,
        0.0070057011825212945,
        0.014493427182088755,
        0.014882025618373377,
        0.011214373053659445,
        0.00896626710302367
      ]
    },
    "truncation_rmse": 0.5656854249492381
  },
  "sampling_type_table": {
    "full_grid": {
      "visibility_nu111_mean": 1.2361670885598612e-14,
      "max_aliasability_mean": 0.31472316246118603,
      "condition_number_mean": 1.1451116898878317
    },
    "grid_subset": {
      "visibility_nu111_mean": 1.9594621304189712e-14,
      "max_aliasability_mean": 0.2214511806843896,
      "condition_number_mean": 1.2631713345295148
    },
    "jittered_grid": {
      "visibility_nu111_mean": 0.6433513560911727,
      "max_aliasability_mean": 0.23695104498061487,
      "condition_number_mean": 1.2547822644146873
    },
    "iid_uniform": {
      "visibility_nu111_mean": 0.9463023315980539,
      "max_aliasability_mean": 0.4271798462392059,
      "condition_number_mean": 1.6468056364453296
    },
    "clustered": {
      "visibility_nu111_mean": 0.9467669246786535,
      "max_aliasability_mean": 0.764877530853733,
      "condition_number_mean": 1.6978944966281861
    }
  },