{
  "Lambda": [
    0.0,
    5.0,
    -5.0,
    11.0,
    -11.0,
    17.0,
    -17.0,
    23.0,
    -23.0
  ],
  "m": 9,
  "Q": 128,
  "nu": 111.0,
  "N_grid": 96,
  "sigma": 0.03,
  "amp": 0.8,
  "n_draws": 20,
  "min_freq_separation": 5.0,
  "panel_a_jitter": {
    "sigma_t": [
      0.0,
      2e-05,
      3.237535511280131e-05,
      5.2408180933999496e-05,
      8.483667342770883e-05,
      0.0001373308714405417,
      0.00022230678654190002,
      0.00035986305791398663,
      0.000582534714597195,
      0.0009429884125309284,
      0.0015264792361472806,
      0.002471015367129295,
      0.004
    ],
    "v_mean": [
      1.9303268770246725e-14,
      0.015255412544454613,
      0.024379060176602456,
      0.040245423410590786,
      0.0641097091367491,
      0.10413066867920491,
      0.16973127454197484,
      0.2667588820714804,
      0.4212062381737918,
      0.619809683144061,
      0.8356132992058353,
      0.9510763808357812,
      0.9535628074329174
    ],
    "v_ci": [
      4.486297726823863e-16,
      0.0005423621656076918,
      0.0006723577167068484,
      0.001288077089936849,
      0.0022129188929118776,
      0.003911599050770426,
      0.00433190368873758,
      0.009703979767729147,
      0.01050162292844336,
      0.014579274994229383,
      0.014401104549499158,
      0.0066902065199922495,
      0.006329406473933129
    ],
    "v_pred": [
      0.0,
      0.016083914044451152,
      0.026033392939602672,
      0.04213044687621353,
      0.0681503707810568,
      0.1101120620657003,
      0.17737040801916762,
      0.2834628104541208,
      0.4439316237576585,
      0.661353100496133,
      0.8823057152098867,
      0.9903199710188583,
      0.9999839879577627
    ]
  },
  "panel_b_concentration": {
    "N": [
      400,
      800,
      1600,
      3200,
      6400,
      12800,
      25600
    ],
    "K": 31,
    "amax_mean": [
      0.193509654562466,
      0.13395440452384966,
      0.09873252157422216,
      0.06708145662187634,
      0.04792713542730832,
      0.033484588934631694,
      0.02371697135269481
    ],
    "amax_ci": [
      0.006851186309257922,
      0.004218133869861618,
      0.006636661334465278,
      0.004051475598135069,
      0.0028042884713507872,
      0.001790655908458955,
      0.0014567578286874552
    ],
    "bound_delta05": [
      Infinity,
      Infinity,
      Infinity,
      Infinity,
      0.8613596559908197,
      0.34668301905146703,
      0.18790244714562576
    ]
  },
  "panel_c_fixed_vs_adversarial": {
    "N": [
      32,
      64,
      128,
      256,
      384
    ],
    "Q": 512,
    "nu": 495.0,
    "curves": {
      "grid_fixed": [
        7.396894200031263e-14,
        8.107889054285433e-14,
        8.35616162047803e-14,
        8.543721765825562e-14,
        8.578650692076561e-14
      ],
      "iid_fixed": [
        0.8479717407883216,
        0.9326419629477023,
        0.9602402762193734,
        0.9834890178933368,
        0.9885349886807866
      ],
      "iid_adversarial": [
        0.731481287803853,
        0.865472952603055,
        0.9344737221143553,
        0.9687696112828258,
        0.9787872612236439
      ]
    },
    "cis": {
      "grid_fixed": [
        6.081836032079804e-15,
        3.635919437938626e-15,
        1.9522961979643347e-15,
        9.527706211275268e-16,
        7.625885498552177e-16
      ],
      "iid_fixed": [
        0.02399871538608019,
        0.009696427269994952,
        0.007910597293108144,
        0.0021213872427612757,
        0.0014088826175641773
      ],
      "iid_adversarial": [
        0.019816231038392088,
        0.01149984113998508,
        0.007264100672414251,
        0.0021337133087803144,
        0.001557747784892666
      ]
    },
    "n_candidates": 51
  },
  "panel_d_decomposition": {
    "sigma_t": [
      0.0,
      2e-05,
      3.237535511280131e-05,
      5.2408180933999496e-05,
      8.483667342770883e-05,
      0.0001373308714405417,
      0.00022230678654190002,
      0.00035986305791398663,
      0.000582534714597195,
      0.0009429884125309284,
      0.0015264792361472806,
      0.002471015367129295,
      0.004
    ],
    "curves": {
      "total": [
        0.8008598511986461,
        0.8004571477657487,
        0.799033140286151,
        0.7997763689530675,
        0.8003508421088774,
        0.7967738172958436,
        0.7937404398888727,
        0.7869599126881232,
        0.7675940284593887,
        0.7173693992320095,
        0.6395106313827231,
        0.5942781255213939,
        0.5948551839171415
      ],
      "modeled": [
        0.5668979711637261,
        0.5663259687117235,
        0.5643148860762196,
        0.5653641314450246,
        0.5661749359685901,
        0.5611077912831063,
        0.5567681063800693,
        0.5469808262829201,
        0.5185983716257432,
        0.4405976085581121,
        0.2962306513814286,
        0.17864580263541285,
        0.1793270945536401
      ],
      "residual": [
        0.028455625838129533,
        0.02961653507473993,
        0.03117683243235469,
        0.03558365909497778,
        0.04577805149501919,
        0.06718780475118581,
        0.09814792635920551,
        0.15193254144343632,
        0.23843887490197874,
        0.35163197670021895,
        0.4761041653730871,
        0.5288225299128637,
        0.5444248842256676
      ]
    },
    "cis": {
      "total": [
        0.000805991980125469,
        0.0011493671727339455,
        0.0007322985644513266,
        0.0010633947442179688,
        0.001227725434455439,
        0.001142658809532554,
        0.0025455157745306713,
        0.004700527360219445,
        0.006598656529546701,
        0.007828967381285828,
        0.007910896627948461,
        0.004815943379650844,
        0.006494728959278263
      ],
      "modeled": [
        0.0011379461172365236,
        0.0016260024871246513,
        0.0010372221291720454,
        0.0015069829194915435,
        0.0017337842852867015,
        0.0016225090046294679,
        0.003631058202171794,
        0.0067770955208935136,
        0.009765642418408969,
        0.012684310287735506,
        0.017592781030126743,
        0.016624332576092003,
        0.019616017143730763
      ],
      "residual": [
        0.001114766111526733,
        0.0012474832458936552,
        0.0009885127080590573,
        0.0012505186156484428,
        0.0015299645657681376,
        0.002194772416240761,
        0.0044985461846977,
        0.008297143380134936,
        0.007005701182521298,
        0.014493427182088764,
        0.014882025618373384,
        0.011214373053659448,
        0.008966267103023664
      ]
    },
    "truncation_rmse": 0.5656854249492381
  },
  "sampling_type_table": {
    "full_grid": {
      "visibility_nu111_mean": 1.2356188861091069e-14,
      "max_aliasability_mean": 0.3147231624611861,
      "condition_number_mean": 1.145111689887831
    },
    "grid_subset": {
      "visibility_nu111_mean": 1.9593326396894036e-14,
      "max_aliasability_mean": 0.2214511806843896,
      "condition_number_mean": 1.263171334529515
    },
    "jittered_grid": {
      "visibility_nu111_mean": 0.6433513560911727,
      "max_aliasability_mean": 0.23695104498061478,
      "condition_number_mean": 1.2547822644146873
    },
    "iid_uniform": {
      "visibility_nu111_mean": 0.9463023315980539,
      "max_aliasability_mean": 0.4271798462392059,
      "condition_number_mean": 1.6468056364453296
    },
    "clustered": {
      "visibility_nu111_mean": 0.9467669246786533,
      "max_aliasability_mean": 0.7648775308537332,
      "condition_number_mean": 1.6978944966281866
    }
  },
  "note": "theorem-validation matrix: (a) T3a characteristic-function law; (b) T3b concentration + proved bound; (c) T1 grid persistence vs iid visibility of fixed AND adversarial tones; (d) T2 decomposition separating aliasing bias from truncation error",
  "_meta": {
    "git_commit": "3e4df1815503cb5a30a6e55e6bf5fc302884dcdf",
    "git_short": "3e4df181",
    "git_dirty": false,